id,nome_fantasia,categoria,bairro,endereco,faturamento_mensal_estimado,possui_google,possui_instagram,possui_whatsapp,avaliacao_google,num_avaliacoes_google,n_funcionarios,anos_atividade
45,ELÉTRICA & HIDRÁULICA JM II,Construção e Reforma,Amorim,"Av. Minas Gerais, 1955",9396.47,,não,Sim,,,10,26.5
165,Sapataria Central Express,VESTUÁRIO,Novo Horizonte,"Rua Marciano Santos, 799",1500,N,s,Sim,,,4,10.3
127,Chaveiro 24h,Serviços Gerais, Independência ,"Rua Hermogênio Veloso, 1517",10130.13,,n,Nao,,,8,23.2
109,Pão & Prosa Express,Alimentação,Bosque,"Rua Hermogênio Veloso, 1160",,NÃO,nao,S,,,3,18.6
235,Sapataria Central Express,Vestuário,Centro,"Rua Marciano Santos, 1685","R$ 13.857,92",n,S, Sim,,,3,21.5
215,SAPATARIA CENTRAL PRIME,Vestuário,São Sebastião,"Av. Coronel Teodolino Pereira de Araújo, 736",20627.61,N,n,n,,,2,2.7
169,InfoTech Araguari,Tecnologia e Informática,Rosário,"Rua Pedro Nasciutti, 725",16255.79,n,Não,SIM,,,4,20.5
94,CONTABILIDADE PRÁTICA JR.,Serviços Gerais,Jóquei Clube,"Rua Florestina Quintino, 1286",14668.31,S,Sim,sim ,3.7,244,2,10.4
99,Clínica Vida Plena,Saúde, Bosque ,"Av. das Palmeiras, 114","R$ 1.500,00",Sim,Sim,S,3.5,745,1,12.8
119,Odonto Sorriso Express,Saúde, Independência ,"Rua Florestina Quintino, 497",15350.13,não,s,SIM,,,,5.3
140,Farmácia Popular,SAÚDE, Bosque ,"Av. Coronel Teodolino Pereira de Araújo, 1665",,Não, Sim,não,,,4,8.5
88,tintas colorir ii,Construção e Reforma,São Sebastião,"Rua Pedro Nasciutti, 1730",14696.38,0,1,1,,,1,19.9
180,Loja Gamer Level Up Express,Tecnologia e Informática,Centro,"Av. Coronel Teodolino Pereira de Araújo, 2419","R$ 34.344,95",1,não,Sim,4.7,497,8,18.6
61,Pneu & Cia II,Automotivo,Independência,"Av. Senador Melo Viana, 1440","R$ 31.785,38",não,Sim,S,,,2,3.6
136,odonto sorriso,Saúde, Bosque ,"Av. Coronel Teodolino Pereira de Araújo, 1556","R$ 25.106,03",1,Sim,S,3.3,469,2,20.4
95,Moda Mineira Express,Vestuário,Centro,"Rua Hermogênio Veloso, 1580",1500,S, Sim,,4.3,227,2,23.2
141,Escola de Música Ritmo Jr.,Educação,Ouro Verde,"Rua Marciano Santos, 1517",25704.16,Nao, Sim,sim ,,,10,7.8
5,LOJA GAMER LEVEL UP JR.,Tecnologia e Informática,Amorim,"Rua Hermogênio Veloso, 2217","R$ 32.821,92",S,1,Sim,4.0,68,2,20.3
188,Material de Construção Alvorada Prime,CONSTRUÇÃO E REFORMA,Bosque,"Rua Marciano Santos, 2234",,Sim,SIM,Nao,4.1,101,2,12.2
2,ODONTO SORRISO JR.,SAÚDE,Bosque,"Rua Rui Barbosa, 1600",,sim ,1,s,4.3,829,3,24.8
151,CURSO PREPARATÓRIO APROVA II,Educação,Amorim,"Av. das Palmeiras, 465",26916.42,1,1,S,4.8,507,2,21.4
87,Curso Preparatório Aprova Prime,Educação,Centro,"Av. Minas Gerais, 2494",1500,Nao,s,Sim,,,3,13.7
103,InfoTech Araguari II,Tecnologia e Informática,São Sebastião,"Rua Rui Barbosa, 2011",14523.42,Nao, Sim,Nao,,,,9.3
23,Tintas Colorir Prime,Construção e Reforma,São Sebastião,"Rua Pedro Nasciutti, 1174",1500,s,nao,SIM,4.7,286,5,9.7
97,Loja Gamer Level Up,Tecnologia e Informática,Amorim,"Rua Rui Barbosa, 235",14512.99,NÃO,,Sim,,,2,27.6
170,farmácia popular prime,Saúde,Centro,"Av. Minas Gerais, 492",2492.08,Não,Sim,s,,,2,12.0
234,escola de música ritmo express,Educação,Independência,"Av. Minas Gerais, 1298",23209.99,N,,não,,,6,14.3
166,Studio Nail Art Jr.,Beleza e Estética, Amorim ,"Rua Pedro Nasciutti, 2099","R$ 17.434,62",n,,sim ,,,8,2.0
193,ASSISTÊNCIA NOTEBOOK JÁ JR.,Tecnologia e Informática,Amorim,"Av. Coronel Teodolino Pereira de Araújo, 2366",15416.57,N, Sim,SIM,,,1,9.1
125,Sapataria Central Prime,Vestuário,Centro,"Rua Marciano Santos, 739","R$ 8.737,64",nao,nao,S,,,5,26.7
3,Escola de Idiomas Fala Mundo,Educação,São Sebastião,"Rua Rui Barbosa, 750",41994.24,SIM,não, Sim,3.8,689,8,7.9
54,Papelaria Horizonte,VAREJO DIVERSO,Novo Horizonte,"Rua Marciano Santos, 1381",9931.52,S,,sim ,3.8,154,10,14.4
86,InfoTech Araguari II,TECNOLOGIA E INFORMÁTICA, Novo Horizonte ,"Rua Florestina Quintino, 1990",28941.48,SIM,,SIM,4.1,515,6,26.1
223,Lava Jato Estrela II,Automotivo,Sibipiruna,"Av. Senador Melo Viana, 1373","R$ 19.190,61",Não,s,S,,,,3.9
212,Moda Mineira Jr.,Vestuário,Independência,"Rua Florestina Quintino, 1545",26851.42,sim , Sim,não,3.5,437,3,4.1
14,Boutique Elegance Express,Vestuário,Independência,"Rua Rui Barbosa, 600","R$ 24.825,41",NÃO,s,S,,,3,8.0
142,Lava Jato Estrela Jr.,Automotivo,Centro,"Rua Marciano Santos, 250",22152.9,nao,1,SIM,,,1,26.7
173,brechó retrô jr.,VESTUÁRIO,Amorim,"Av. Minas Gerais, 89",20051.26,não,sim ,sim ,,,10,26.8
44,Brechó Retrô II,Vestuário,Novo Horizonte,"Av. Minas Gerais, 1378",12758.09,nao,N,sim ,,,8,4.5
175,Loja Gamer Level Up II,Tecnologia e Informática,Amorim,"Rua Hermogênio Veloso, 238",,N,Não,s,,,2,14.9
108,STUDIO NAIL ART EXPRESS,Beleza e Estética,Jóquei Clube,"Rua Rui Barbosa, 179","R$ 16.016,70",n, Sim,S,,,10,2.0
32,Sapataria Central Prime,Vestuário,Rosário,"Rua Rui Barbosa, 845","R$ 30.247,47",N,SIM,sim ,,,1,20.0
30,Funilaria Ideal II,Automotivo,Rosário,"Av. Senador Melo Viana, 2326",,SIM,NÃO,SIM,3.8,267,8,13.9
56,Escola de Idiomas Fala Mundo Prime,Educação,Jóquei Clube,"Rua Florestina Quintino, 474",21090.55,SIM,não,0,4.8,55,4,23.8
183,CONTABILIDADE PRÁTICA,Serviços Gerais,Jóquei Clube,"Av. Senador Melo Viana, 885",29426.72,Não,sim ,1,,,10,3.3
224,Livraria Saber Jr.,Varejo Diverso,Novo Horizonte,"Av. Minas Gerais, 2430",57227.89, Sim,não,sim ,3.7,125,2,7.3
1,PNEU & CIA II,Automotivo,Centro,"Rua Marciano Santos, 1768","R$ 16.968,94",S,nao,1,4.1,30,1,21.4
128,presentes & cia jr.,VAREJO DIVERSO,Rosário,"Rua Hermogênio Veloso, 116","R$ 1.500,00",não,0, Sim,,,1,27.8
161,Doceria Sonho Doce Prime,ALIMENTAÇÃO, Rosário ,"Av. Minas Gerais, 717",3500.41,Nao,1,SIM,,,2,6.7
207,Moto Peças Rosário Jr.,Automotivo, Ouro Verde ,"Rua Rui Barbosa, 2110","R$ 8.883,37",Sim,,sim ,3.2,182,,22.9
132,Moda Mineira II,Vestuário,Rosário,"Rua Marciano Santos, 2137","R$ 25.183,77",n,nao,s,,,1,22.1
218,Material de Construção Alvorada,Construção e Reforma,Jóquei Clube,"Rua Marciano Santos, 775",13245.18,0,n,S,,,2,18.1
161,Doceria Sonho Doce Prime,ALIMENTAÇÃO, Rosário ,"Av. Minas Gerais, 717",3500.41,Nao,1,SIM,,,2,6.7
29,Chaveiro 24h Express,Serviços Gerais,Jóquei Clube,"Rua Hermogênio Veloso, 1954",27428.0,nao,N,1,,,4,23.3
176,Lan House Conecta Jr.,Tecnologia e Informática,Bosque,"Av. Minas Gerais, 97",3103.85,SIM,,1,4.4,155,10,23.9
77,Moto Peças Rosário Jr.,Automotivo,São Sebastião,"Rua Hermogênio Veloso, 928",18514.37,nao,s, Sim,,,4,3.9
202,Tintas Colorir Express,Construção e Reforma,Amorim,"Rua Rui Barbosa, 1210",41701.35,,n,sim ,,,4,0.7
73,Curso Preparatório Aprova Prime,Educação, Centro ,"Rua Pedro Nasciutti, 221","R$ 27.321,78",sim ,S, Sim,4.9,40,,13.5
27,Acarajé da Leninha II,Alimentação,Santa Helena,"Rua Rui Barbosa, 720",19477.55,NÃO,S,Sim,,,5,16.3
91,MARCENARIA ARTE MADEIRA II,CONSTRUÇÃO E REFORMA,Rosário,"Rua Hermogênio Veloso, 461",17992.33,não,Sim,S,,,3,11.7
152,Moda Mineira,Vestuário,Centro,"Rua Hermogênio Veloso, 176",22318.94,s,SIM,S,4.2,98,8,4.8
74,Acarajé da Leninha Jr.,Alimentação,Santa Helena,"Rua Hermogênio Veloso, 1554",2544.48,S,sim ,1,4.5,398,2,20.5
228,cantina do zé ii,Alimentação, Jóquei Clube ,"Rua Pedro Nasciutti, 340",,SIM,s, Sim,4.1,721,2,13.4
186,Assistência Notebook Já Express,Tecnologia e Informática,Jóquei Clube,"Av. Coronel Teodolino Pereira de Araújo, 1753",11459.84,n,NÃO,N,,,4,24.8
72,Material de Construção Alvorada Prime,CONSTRUÇÃO E REFORMA,Sibipiruna,"Rua Florestina Quintino, 1037",35583.7,s,NÃO,1,3.9,768,3,20.7
20,Tintas Colorir Express,Construção e Reforma,Centro,"Rua Hermogênio Veloso, 1861",24184.71,S,0,1,4.0,596,3,18.6
43,Utilidades Lar Doce Lar,Varejo Diverso,Centro,"Rua Marciano Santos, 1606",14586.26,0,1,S,,,1,17.5
214,CANTINA DO ZÉ,Alimentação,Independência,"Rua Marciano Santos, 1105","R$ 12.275,90",n,Sim,sim ,,,2,27.0
6,marcenaria arte madeira,Construção e Reforma, Santa Helena ,"Av. Senador Melo Viana, 2129",502732.22,não,N,1,,,3,15.3
197,Marmitaria Dona Cida Jr.,Alimentação,Novo Horizonte,"Av. das Palmeiras, 1546",21019.2,1,NÃO,S,4.5,595,5,10.8
195,Moto Peças Rosário,Automotivo,Ouro Verde,"Av. Senador Melo Viana, 598",19498.92,S,NÃO, Sim,3.5,404,6,14.3
232,marcenaria arte madeira,Construção e Reforma,Centro,"Rua Rui Barbosa, 204",9083.13,SIM,não,sim ,4.2,572,6,25.0
66,escola de idiomas fala mundo express,EDUCAÇÃO,Jóquei Clube,"Av. Coronel Teodolino Pereira de Araújo, 366","R$ 28.613,15",NÃO,S,1,,,,23.5
163,Reforço Escolar Aprender+ Express,Educação,Amorim,"Rua Rui Barbosa, 2023",,nao,N,1,,,5,7.7
68,Livraria Saber Jr.,Varejo Diverso,Ouro Verde,"Rua Pedro Nasciutti, 616",23494.17,Não,0,1,,,6,15.7
130,LOJA ESTILO JOVEM,Vestuário, Miranda ,"Rua Florestina Quintino, 1555",14560.44,SIM,n,1,3.6,94,3,18.1
47,doceria sonho doce jr.,Alimentação,Ouro Verde,"Av. Senador Melo Viana, 1855",,sim ,não,Sim,3.4,102,5,9.5
178,Material de Construção Alvorada Prime,Construção e Reforma,Miranda,"Rua Pedro Nasciutti, 1911","R$ 17.780,67",0,N,s,,,10,3.6
131,laboratório bioanálise,Saúde,Centro,"Av. Coronel Teodolino Pereira de Araújo, 554",13567.33,n,N, Sim,,,6,22.3
187,Curso Preparatório Aprova II,Educação,Independência,"Rua Pedro Nasciutti, 213",3286.72,N, Sim,1,,,2,11.1
16,Odonto Sorriso Prime,Saúde,Miranda,"Rua Rui Barbosa, 1498",18189.9,1,n,não,,,4,24.3
227,Elétrica & Hidráulica JM,Construção e Reforma,Independência,"Av. Coronel Teodolino Pereira de Araújo, 1209","R$ 10.816,19",N,NÃO,Sim,,,,18.6
219,ESPAÇO ZEN ESTÉTICA PRIME,Beleza e Estética, Ouro Verde ,"Rua Hermogênio Veloso, 2004","R$ 27.207,41",1, Sim,1,3.4,296,5,16.9
33,Farmácia Popular Prime,Saúde,Rosário,"Rua Rui Barbosa, 1691",5506.18,S,s,s,4.9,261,1,4.7
160,Psicóloga Ana Ribeiro Prime,Saúde,Centro,"Rua Pedro Nasciutti, 1172",37314.08, Sim,S,n,3.3,36,2,25.9
112,pneu & cia ii,Automotivo, Santa Helena ,"Av. Minas Gerais, 1312",1500,nao,NÃO,SIM,,,2,5.7
26,Presentes & Cia Express,Varejo Diverso,Centro,"Rua Hermogênio Veloso, 129",32193.94,Não,sim ,Nao,,,2,2.4
76,ELÉTRICA & HIDRÁULICA JM,Construção e Reforma,Jóquei Clube,"Av. das Palmeiras, 2373",,não,s, Sim,,,6,10.7
59,Assistência Técnica Cell+ Express,SERVIÇOS GERAIS,Amorim,"Av. Minas Gerais, 81","R$ 28.105,08",Nao,não,1,,,5,8.5
23,Tintas Colorir Prime,Construção e Reforma,São Sebastião,"Rua Pedro Nasciutti, 1174",1500,s,nao,SIM,4.7,286,5,9.7
159,espaço zen estética,Beleza e Estética,Rosário,"Av. das Palmeiras, 2034",12324.08,1,N,1,,,1,14.7
120,FISIO + SAÚDE EXPRESS,Saúde,Independência,"Av. das Palmeiras, 1642",,SIM,Nao,sim ,,,2,16.4
199,Chaveiro 24h Express,SERVIÇOS GERAIS,Jóquei Clube,"Av. Coronel Teodolino Pereira de Araújo, 2166",3919.63,S,S,s,4.1,589,1,24.7
154,Presentes & Cia Express,Varejo Diverso,Jóquei Clube,"Av. Minas Gerais, 1128",9152.46,nao,SIM,1,,,5,16.0
124,Moto Peças Rosário Jr.,Automotivo,Rosário,"Rua Hermogênio Veloso, 1126","R$ 7.093,81",1,Sim, Sim,4.4,256,2,21.8
216,Curso Preparatório Aprova Jr.,Educação,Rosário,"Rua Hermogênio Veloso, 1745","R$ 7.463,18",Não,não,Nao,,,2,7.4
189,Lava Jato Estrela Express,Automotivo,Centro,"Av. das Palmeiras, 1639",18364.55, Sim, Sim,sim ,4.2,591,1,11.2
90,Presentes & Cia Prime,Varejo Diverso,Rosário,"Av. Senador Melo Viana, 373","R$ 41.941,25", Sim,nao,s,4.7,794,10,6.4
75,oficina do paulinho prime,Automotivo,Amorim,"Rua Florestina Quintino, 1831","R$ 13.775,49",Não,Sim,s,,,2,11.7
172,marcenaria arte madeira express,Construção e Reforma,Sibipiruna,"Rua Hermogênio Veloso, 660",16991.13,1,,Sim,,,2,25.4
24,elétrica & hidráulica jm ii,Construção e Reforma,Centro,"Av. Minas Gerais, 2408",30114.38,Sim,sim ,sim ,,,8,24.0
15,Assistência Notebook Já II,Tecnologia e Informática, Centro ,"Av. Senador Melo Viana, 711",9379.3,S,n,S,,,1,3.6
65,ESCOLA DE IDIOMAS FALA MUNDO JR.,Educação,Novo Horizonte,"Av. Coronel Teodolino Pereira de Araújo, 1482","R$ 33.480,87",n,não,NÃO,,,5,15.9
93,Assistência Notebook Já Jr.,Tecnologia e Informática,Centro,"Rua Florestina Quintino, 1258",1500,1,SIM,SIM,4.5,666,3,24.0
12,Sabor Mineiro,Alimentação,Bosque,"Rua Pedro Nasciutti, 2421",20929.9,S,NÃO, Sim,4.3,694,2,16.6
162,LOJA ESTILO JOVEM PRIME,Vestuário,Rosário,"Av. Minas Gerais, 966","R$ 20.916,07",nao,s,nao,,,8,25.1
83,Boutique Elegance Jr.,Vestuário, Independência ,"Rua Hermogênio Veloso, 1065","R$ 29.515,07",Não,sim , Sim,,,3,12.0
59,Assistência Técnica Cell+ Express,SERVIÇOS GERAIS,Amorim,"Av. Minas Gerais, 81","R$ 28.105,08",Nao,não,1,,,5,8.5
148,MOTO PEÇAS ROSÁRIO II,Automotivo,Centro,"Av. Minas Gerais, 655",26323.07,SIM,NÃO,1,3.5,824,,24.2
19,ELÉTRICA & HIDRÁULICA JM JR.,Construção e Reforma,Centro,"Rua Rui Barbosa, 1280",5120.19,s,n,sim ,4.0,683,8,19.7
67,MARCENARIA ARTE MADEIRA PRIME,Construção e Reforma,Centro,"Rua Pedro Nasciutti, 1869",13396.71,0,Nao,S,,,4,9.0
89,Marcenaria Arte Madeira Express,Construção e Reforma,Centro,"Av. Senador Melo Viana, 2335","R$ 30.783,11",sim ,nao,s,4.4,627,4,19.5
179,Brechó Retrô Jr.,Vestuário,Centro,"Rua Rui Barbosa, 1659","R$ 38.580,48",Nao,N,Sim,,,8,1.8
79,BOUTIQUE ELEGANCE EXPRESS,Vestuário,Santa Helena,"Rua Hermogênio Veloso, 2203",7643.06,n,1,S,,,2,3.9
150,Salão Beleza Pura Prime,BELEZA E ESTÉTICA,Centro,"Rua Florestina Quintino, 368","R$ 47.900,02",sim ,SIM,NÃO,3.6,582,2,18.1
55,chaveiro 24h prime,Serviços Gerais,Centro,"Rua Hermogênio Veloso, 324","R$ 10.253,84",Sim,NÃO, Sim,4.4,386,2,21.0
22,Sapataria Central,Vestuário,Centro,"Rua Marciano Santos, 1070",15891.76,NÃO, Sim,SIM,,,10,18.9
226,Doceria Sonho Doce Prime,ALIMENTAÇÃO,Amorim,"Rua Hermogênio Veloso, 1261",15518.33,S,sim , Sim,4.7,570,1,21.8
37,empório araguari prime,Alimentação, Portal de Fátima ,"Av. Coronel Teodolino Pereira de Araújo, 1977",40666.36,0,nao,SIM,,,3,12.5
213,InfoTech Araguari Jr.,Tecnologia e Informática, Novo Horizonte ,"Rua Marciano Santos, 2237",23410.41,0,nao,sim ,,,,24.1
174,salão beleza pura jr.,Beleza e Estética,Portal de Fátima,"Av. Coronel Teodolino Pereira de Araújo, 513","R$ 21.530,47",Não,1,SIM,,,2,11.9
206,Material de Construção Alvorada Prime,Construção e Reforma, Rosário ,"Av. Senador Melo Viana, 1686",15463.56,n, Sim,S,,,4,14.7
201,Marmitaria Dona Cida Express,ALIMENTAÇÃO,Centro,"Rua Marciano Santos, 54",29880.29,n,S, Sim,,,6,24.6
51,presentes & cia,Varejo Diverso, São Sebastião ,"Av. Senador Melo Viana, 827",10219.1,0,Sim,Nao,,,2,18.1
208,Loja Gamer Level Up Express,Tecnologia e Informática, Rosário ,"Rua Rui Barbosa, 1106",,Nao,Nao,1,,,6,11.8
209,ESCOLA DE IDIOMAS FALA MUNDO JR.,EDUCAÇÃO,Miranda,"Rua Pedro Nasciutti, 2093",33478.97,SIM,Nao,1,4.8,278,5,6.2
25,Contabilidade Prática Prime,Serviços Gerais,Miranda,"Rua Marciano Santos, 160",16512.84,Não,NÃO,s,,,8,4.2
13,Marcenaria Arte Madeira II,CONSTRUÇÃO E REFORMA,Rosário,"Rua Rui Barbosa, 350",17877.42,,nao,não,,,6,24.7
220,Acarajé da Leninha Express,Alimentação, Miranda ,"Rua Pedro Nasciutti, 2166",23991.72,nao,sim ,s,,,,22.7
133,Moda Mineira II,Vestuário,Miranda,"Av. Coronel Teodolino Pereira de Araújo, 1979",1500,NÃO,Sim,NÃO,,,1,7.7
102,elétrica & hidráulica jm jr.,Construção e Reforma,Amorim,"Rua Hermogênio Veloso, 1569","R$ 10.650,11",s,Nao,Sim,3.9,264,5,10.9
63,ASSISTÊNCIA NOTEBOOK JÁ JR.,Tecnologia e Informática,Novo Horizonte,"Rua Rui Barbosa, 2483",30291.05, Sim,S,S,4.0,61,1,12.9
144,PNEU & CIA,Automotivo,Ouro Verde,"Av. Coronel Teodolino Pereira de Araújo, 1176","R$ 31.240,14",SIM,Não,S,3.3,702,3,17.5
117,Bazar Central Prime,Varejo Diverso, São Sebastião ,"Rua Pedro Nasciutti, 1504","R$ 15.638,83",Não,n,1,,,6,27.1
116,Tintas Colorir II,Construção e Reforma,Centro,"Rua Pedro Nasciutti, 1084",5598.24,n,n,Sim,,,10,27.7
194,Sapataria Central Express,VESTUÁRIO,Bosque,"Av. Senador Melo Viana, 623",13933.74,SIM,sim ,s,4.1,114,2,2.6
134,Churrascaria Boi na Brasa Prime,Alimentação,Ouro Verde,"Rua Pedro Nasciutti, 686",12648.98, Sim,S,s,3.5,88,2,19.2
10,Pão & Prosa,Alimentação, Novo Horizonte ,"Rua Marciano Santos, 451",,S,1,Sim,3.7,258,2,26.0
225,Bazar Central Jr.,Varejo Diverso,Centro,"Rua Hermogênio Veloso, 840",, Sim,N,s,5.0,810,3,7.4
138,marmitaria dona cida,Alimentação,Centro,"Rua Pedro Nasciutti, 1950",21752.52, Sim,Nao,s,3.2,208,,21.4
101,MARCENARIA ARTE MADEIRA JR.,Construção e Reforma,Rosário,"Av. das Palmeiras, 2198","R$ 41.916,43",n,n,SIM,,,5,10.9
81,Confecções Amorim Jr.,VESTUÁRIO,Independência,"Rua Florestina Quintino, 2358",,1,Sim,Sim,4.9,160,1,26.6
98,Utilidades Lar Doce Lar II,Varejo Diverso,Centro,"Rua Marciano Santos, 594",19609.63,sim ,NÃO,não,4.8,389,,11.3
11,LOJA ESTILO JOVEM EXPRESS,Vestuário,Centro,"Rua Marciano Santos, 2043","R$ 15.109,14",nao,SIM,Sim,,,3,20.7
104,Salão Dona Flor Jr.,Beleza e Estética,Independência,"Rua Pedro Nasciutti, 1568","R$ 11.107,83",Não,Nao,s,,,3,0.9
157,Moto Peças Rosário Express,Automotivo,Centro,"Rua Rui Barbosa, 2354",495144.24,1,nao,1,4.2,599,,24.7
64,assistência notebook já prime,TECNOLOGIA E INFORMÁTICA,Novo Horizonte,"Rua Hermogênio Veloso, 2196",23894.14,SIM,N,sim ,4.1,179,5,11.2
118,CHAVEIRO 24H JR.,Serviços Gerais,Centro,"Rua Florestina Quintino, 150",20112.96,sim ,n,Sim,4.0,698,2,23.4
84,LABORATÓRIO BIOANÁLISE JR.,Saúde, Jóquei Clube ,"Av. das Palmeiras, 2120",17669.53,Nao,Nao,N,,,1,1.9
171,pet shop amigo fiel express,Serviços Gerais,Centro,"Av. Senador Melo Viana, 516",17855.37, Sim,Nao,S,4.0,110,4,21.9
113,BAZAR CENTRAL EXPRESS,Varejo Diverso,Miranda,"Rua Marciano Santos, 1044",31398.89,não,n,SIM,,,3,7.9
46,Loja Gamer Level Up Jr.,Tecnologia e Informática,Rosário,"Av. Senador Melo Viana, 139",11017.74,n,sim ,Sim,,,3,24.3
17,Farmácia Popular II,SAÚDE,Portal de Fátima,"Rua Hermogênio Veloso, 961","R$ 38.095,24",0,sim ,sim ,,,4,6.6
238,Reforço Escolar Aprender+ II,Educação,Centro,"Av. Minas Gerais, 1213","R$ 17.698,78",s,nao,Sim,3.9,682,10,18.5
231,Curso Preparatório Aprova Jr.,Educação,Miranda,"Rua Hermogênio Veloso, 1882",23384.53,Não,s,Sim,,,5,16.9
57,Curso Preparatório Aprova,EDUCAÇÃO,Jóquei Clube,"Av. Senador Melo Viana, 168","R$ 26.654,84",nao,N,sim ,,,1,5.5
203,PÃO & PROSA PRIME,Alimentação,São Sebastião,"Av. das Palmeiras, 884",8165.46,1,S, Sim,4.7,436,3,10.7
70,lava jato estrela jr.,Automotivo,Jóquei Clube,"Av. Minas Gerais, 374",,Nao,não,S,,,3,15.0
4,MARCENARIA ARTE MADEIRA,Construção e Reforma,Centro,"Rua Hermogênio Veloso, 635","R$ 16.312,13",SIM,s,S,4.8,325,,7.7
105,TINTAS COLORIR JR.,Construção e Reforma,Goiás,"Rua Hermogênio Veloso, 1937","R$ 12.857,59",N,não,SIM,,,,13.9
9,Pneu & Cia,Automotivo,Ouro Verde,"Rua Rui Barbosa, 447",3624.11,N,n, Sim,,,10,24.3
58,FISIO + SAÚDE,Saúde,São Sebastião,"Rua Rui Barbosa, 265","R$ 1.500,00",1,Não,s,3.8,381,2,8.0
50,PRESENTES & CIA EXPRESS,Varejo Diverso,Ouro Verde,"Rua Marciano Santos, 1766",24284.39,s,não, Sim,4.2,400,2,3.2
42,BOUTIQUE ELEGANCE EXPRESS,Vestuário,São Sebastião,"Av. Coronel Teodolino Pereira de Araújo, 2078",19355.08,não,,S,,,6,24.4
229,churrascaria boi na brasa jr.,Alimentação, Independência ,"Rua Pedro Nasciutti, 2227",7573.17,Nao,S,s,,,4,16.2
122,Clínica Vida Plena Prime,Saúde,Independência,"Av. Coronel Teodolino Pereira de Araújo, 816","R$ 7.331,27", Sim,Não,1,4.9,180,6,26.7
126,Material de Construção Alvorada II,Construção e Reforma,Sibipiruna,"Rua Florestina Quintino, 1063",10396.79,n,0,SIM,,,3,17.9
100,Sabor Mineiro Express,Alimentação,Rosário,"Rua Florestina Quintino, 2415",22905.25,N,SIM,nao,,,3,27.6
192,REFORÇO ESCOLAR APRENDER+ II,Educação,Centro,"Rua Hermogênio Veloso, 2301",,s,Sim,sim ,3.3,772,2,5.9
96,Confecções Amorim,Vestuário,Novo Horizonte,"Rua Marciano Santos, 663","R$ 18.096,44",, Sim,Sim,,,2,6.1
167,Clínica Vida Plena Jr.,SAÚDE,Centro,"Rua Pedro Nasciutti, 740",29553.15,SIM,0,1,3.5,652,2,4.1
121,Marcenaria Arte Madeira II,CONSTRUÇÃO E REFORMA,Centro,"Av. Senador Melo Viana, 2467","R$ 28.055,58",SIM,N,Sim,4.7,635,4,8.9
98,Utilidades Lar Doce Lar II,Varejo Diverso,Centro,"Rua Marciano Santos, 594",19609.63,sim ,NÃO,não,4.8,389,,11.3
129,LAVANDERIA LIMPA TUDO JR.,Serviços Gerais,Centro,"Av. das Palmeiras, 423",27258.24,Sim,SIM,0,3.9,315,2,4.1
224,Livraria Saber Jr.,Varejo Diverso,Novo Horizonte,"Av. Minas Gerais, 2430",57227.89, Sim,não,sim ,3.7,125,2,7.3
123,Utilidades Lar Doce Lar Prime,Varejo Diverso,Centro,"Rua Hermogênio Veloso, 2366",13538.27,1, Sim,S,3.7,284,,3.6
21,SALÃO DONA FLOR JR.,Beleza e Estética,Miranda,"Rua Rui Barbosa, 1915",26884.33,Nao,s,s,,,8,14.1
92,Livraria Saber Jr.,Varejo Diverso,Amorim,"Av. Minas Gerais, 1676",9639.52,SIM,nao,Sim,4.9,182,1,8.7
200,Barbearia Corte Fino Express,Beleza e Estética,Goiás,"Rua Florestina Quintino, 1907",9145.06,Sim,SIM, Sim,4.6,641,8,4.1
134,Churrascaria Boi na Brasa Prime,Alimentação,Ouro Verde,"Rua Pedro Nasciutti, 686",12648.98, Sim,S,s,3.5,88,2,19.2
182,Sapataria Central Jr.,VESTUÁRIO,Centro,"Rua Hermogênio Veloso, 2437",8934.26,s,n,s,4.3,730,,8.4
184,Tintas Colorir II,Construção e Reforma,Portal de Fátima,"Rua Florestina Quintino, 2311",,nao,SIM,S,,,10,23.3
153,Oficina do Paulinho Express,AUTOMOTIVO, Independência ,"Rua Hermogênio Veloso, 867","R$ 17.317,58",SIM,SIM,s,3.5,372,5,27.4
60,LAVA JATO ESTRELA EXPRESS,AUTOMOTIVO, Centro ,"Rua Rui Barbosa, 1332",26842.01,S,n,s,3.3,762,2,12.0
222,Utilidades Lar Doce Lar Jr.,Varejo Diverso, Centro ,"Rua Hermogênio Veloso, 793","R$ 26.954,85",1,sim ,1,3.5,275,8,23.3
146,STUDIO NAIL ART PRIME,Beleza e Estética,Centro,"Rua Pedro Nasciutti, 703","R$ 24.906,41",Nao,sim ,,,,1,21.5
156,Marmitaria Dona Cida Prime,Alimentação,Miranda,"Av. Coronel Teodolino Pereira de Araújo, 224",30957.37,n,SIM,não,,,3,7.6
69,Moto Peças Rosário,Automotivo,Bosque,"Rua Florestina Quintino, 1015",14781.66,Sim,N,SIM,3.8,30,1,9.3
158,assistência técnica cell+ prime,Serviços Gerais,Rosário,"Rua Pedro Nasciutti, 251",15195.17,sim ,N,Sim,,,6,23.0
157,Moto Peças Rosário Express,Automotivo,Centro,"Rua Rui Barbosa, 2354",495144.24,1,nao,1,4.2,599,,24.7
7,MARCENARIA ARTE MADEIRA EXPRESS,Construção e Reforma,Ouro Verde,"Rua Marciano Santos, 565","R$ 40.743,49", Sim,S,não,3.4,500,5,15.0
211,Loja Gamer Level Up II,Tecnologia e Informática,Portal de Fátima,"Rua Hermogênio Veloso, 543",16892.38, Sim,N,s,4.1,406,1,0.8
239,pastelaria central jr.,ALIMENTAÇÃO,Centro,"Rua Hermogênio Veloso, 2346",30185.86,Sim,Não,SIM,4.8,547,,8.9
28,Lavanderia Limpa Tudo,Serviços Gerais,Independência,"Av. Minas Gerais, 1472",32058.43,N,Sim,S,,,2,9.9
49,CONTABILIDADE PRÁTICA JR.,SERVIÇOS GERAIS,Paraíso,"Av. Minas Gerais, 2349","R$ 11.083,83",S,Nao,s,4.3,383,2,18.0
39,marmitaria dona cida express,Alimentação,Novo Horizonte,"Rua Hermogênio Veloso, 547",,Nao,s,SIM,,,5,15.6
71,OFICINA DO PAULINHO JR.,Automotivo, Santa Helena ,"Av. das Palmeiras, 56",19743.09,SIM,n,SIM,4.3,591,2,18.9
190,LAVA JATO ESTRELA PRIME,Automotivo, Miranda ,"Rua Hermogênio Veloso, 1612",11567.32,s,Não, Sim,3.7,705,3,15.2
164,Salão Dona Flor II,Beleza e Estética,Centro,"Av. das Palmeiras, 194",7353.18,S,1,SIM,4.4,305,6,20.5
191,laboratório bioanálise jr.,Saúde,Bosque,"Rua Rui Barbosa, 221",,n,S,,,,2,8.9
114,Salão Beleza Pura II,Beleza e Estética, Miranda ,"Av. Minas Gerais, 1670","R$ 26.642,62",S, Sim,1,4.3,203,6,12.6
78,Lava Jato Estrela Express,Automotivo,Amorim,"Av. Senador Melo Viana, 695",24388.94,não,N,S,,,4,3.8
204,Marcenaria Arte Madeira Prime,Construção e Reforma,Amorim,"Av. Coronel Teodolino Pereira de Araújo, 460","R$ 3.386,08",n,N,1,,,,17.4
106,MATERIAL DE CONSTRUÇÃO ALVORADA PRIME,Construção e Reforma,Vieno,"Rua Pedro Nasciutti, 328",28784.12,Não,Nao,S,,,10,10.8
210,CONFECÇÕES AMORIM JR.,Vestuário,Jóquei Clube,"Rua Marciano Santos, 223",28408.12,N,S,sim ,,,10,25.2
196,confecções amorim ii,VESTUÁRIO,Jóquei Clube,"Rua Florestina Quintino, 215","R$ 10.259,95",0,SIM,NÃO,,,5,10.7
8,Lan House Conecta Prime,Tecnologia e Informática,Amorim,"Rua Marciano Santos, 992",7878.72,Sim,NÃO,s,4.0,256,2,2.1
187,Curso Preparatório Aprova II,Educação,Independência,"Rua Pedro Nasciutti, 213",3286.72,N, Sim,1,,,2,11.1
230,Laboratório BioAnálise Express,SAÚDE,Miranda,"Rua Marciano Santos, 1694",8628.24,não,,S,,,10,26.2
217,FUNILARIA IDEAL,AUTOMOTIVO,Centro,"Rua Rui Barbosa, 1646","R$ 31.028,69",Nao,nao,0,,,2,4.0
48,Lavanderia Limpa Tudo Prime,Serviços Gerais,Centro,"Rua Rui Barbosa, 1968",10507.81,SIM,1,Nao,4.9,305,2,20.4
31,sapataria central express,Vestuário,Bosque,"Rua Marciano Santos, 1404",15148.14,0,sim ,sim ,,,5,6.8
185,reforço escolar aprender+ ii,Educação, Santa Helena ,"Av. Senador Melo Viana, 73","R$ 15.329,70",não,Sim,SIM,,,6,16.9
137,moda mineira,Vestuário,Bosque,"Av. das Palmeiras, 1360","R$ 29.442,89",Sim,N,Sim,4.5,674,,19.0
143,BAZAR CENTRAL II,Varejo Diverso,Miranda,"Av. Senador Melo Viana, 357",,Sim,Nao,s,3.9,705,10,22.8
18,Brechó Retrô,VESTUÁRIO,Independência,"Av. Senador Melo Viana, 206","R$ 9.401,58", Sim,N,s,3.4,270,6,12.5
82,Lan House Conecta Prime,Tecnologia e Informática,Rosário,"Av. das Palmeiras, 1268",7107.82,Não,SIM,0,,,8,13.8
41,Odonto Sorriso Express,Saúde,Portal de Fátima,"Rua Hermogênio Veloso, 1463","R$ 18.407,38",,n, Sim,,,6,24.4
145,SALÃO DONA FLOR EXPRESS,Beleza e Estética,Miranda,"Av. das Palmeiras, 1520",17287.25,0,sim ,S,,,,9.3
237,Assistência Notebook Já II,TECNOLOGIA E INFORMÁTICA, Novo Horizonte ,"Av. Coronel Teodolino Pereira de Araújo, 1228",,s,NÃO,sim ,4.6,90,10,13.5
38,Utilidades Lar Doce Lar Jr.,Varejo Diverso,Paraíso,"Rua Florestina Quintino, 1083","R$ 13.091,50",1,n,1,3.9,781,,23.2
198,Brechó Retrô Jr.,VESTUÁRIO,Miranda,"Rua Pedro Nasciutti, 665","R$ 16.180,13",N,S,s,,,2,18.7
111,Escola de Música Ritmo II,Educação,Centro,"Rua Florestina Quintino, 2315",22058.47,n,SIM,s,,,3,18.7
35,oficina do paulinho ii,Automotivo,Goiás,"Rua Hermogênio Veloso, 341",19467.7,sim ,Nao, Sim,,,2,15.5
135,FUNILARIA IDEAL II,Automotivo, Rosário ,"Av. Coronel Teodolino Pereira de Araújo, 96","R$ 29.478,39",N,S,S,,,5,5.1
181,Loja Gamer Level Up Express,Tecnologia e Informática,Portal de Fátima,"Rua Marciano Santos, 1274",19245.26,,N,s,,,,17.9
177,FISIO + SAÚDE JR.,SAÚDE,Centro,"Rua Florestina Quintino, 536",22289.64,s,Não,Sim,4.6,461,8,11.8
174,salão beleza pura jr.,Beleza e Estética,Portal de Fátima,"Av. Coronel Teodolino Pereira de Araújo, 513","R$ 21.530,47",Não,1,SIM,,,2,11.9
236,utilidades lar doce lar express,Varejo Diverso,Miranda,"Rua Rui Barbosa, 510",16125.37,n,sim ,sim ,,,4,9.3
221,CHAVEIRO 24H II,SERVIÇOS GERAIS, Centro ,"Av. Senador Melo Viana, 562",28673.69,s,Não,SIM,4.9,25,2,4.6
52,Empório Araguari II,Alimentação,Centro,"Av. Coronel Teodolino Pereira de Araújo, 2491",,não,SIM,S,,,5,22.5
205,Sabor Mineiro,Alimentação,Centro,"Av. Minas Gerais, 767",14334.23, Sim,Sim,SIM,3.9,674,2,26.1
176,Lan House Conecta Jr.,Tecnologia e Informática,Bosque,"Av. Minas Gerais, 97",3103.85,SIM,,1,4.4,155,10,23.9
240,Livraria Saber,Varejo Diverso,Independência,"Av. Minas Gerais, 2323",5642.89,SIM,não,sim ,4.3,399,8,18.6
149,Lava Jato Estrela Express,Automotivo,Independência,"Rua Florestina Quintino, 964",4073.43,1,não, Sim,4.5,578,5,20.7
36,CLÍNICA VIDA PLENA,Saúde,Ouro Verde,"Av. Senador Melo Viana, 1698",33676.02,,,0,,,10,2.7
168,Assistência Técnica Cell+ Express,SERVIÇOS GERAIS, Novo Horizonte ,"Rua Pedro Nasciutti, 976",11151.73,sim ,sim ,SIM,4.7,198,2,11.0
53,AUTO CENTER ARAGUARI II,Automotivo,Novo Horizonte,"Rua Rui Barbosa, 1901",20699.13,S,Sim,s,4.5,490,2,14.8
34,INFOTECH ARAGUARI II,Tecnologia e Informática,Goiás,"Rua Hermogênio Veloso, 1267",3214.45,n,nao,S,,,3,2.2
139,LOJA ESTILO JOVEM,Vestuário,Centro,"Rua Rui Barbosa, 890",5427.0,Nao, Sim, Sim,,,1,27.2
115,Contabilidade Prática II,Serviços Gerais,Jóquei Clube,"Av. das Palmeiras, 1545","R$ 13.881,83",S,SIM,S,4.9,803,,5.4
85,Utilidades Lar Doce Lar Jr.,Varejo Diverso,São Sebastião,"Rua Marciano Santos, 1232",,, Sim,1,,,,8.2
155,PSICÓLOGA ANA RIBEIRO,Saúde,Santa Helena,"Rua Marciano Santos, 1994",10171.56,Nao,0,sim ,,,2,11.4
233,Brechó Retrô,Vestuário,Rosário,"Rua Rui Barbosa, 2488",19477.33,Não,s,n,,,2,22.0
80,Escola de Música Ritmo Express,Educação,Novo Horizonte,"Av. Minas Gerais, 558",14666.5,nao,não,SIM,,,6,26.2
110,Odonto Sorriso,SAÚDE,Ouro Verde,"Av. das Palmeiras, 2264","R$ 47.310,94",não,1,s,,,2,14.3
40,elétrica & hidráulica jm,Construção e Reforma,Independência,"Rua Hermogênio Veloso, 1048",33895.48,não,n,SIM,,,3,14.5
147,Loja Estilo Jovem Jr.,Vestuário,São Sebastião,"Av. Coronel Teodolino Pereira de Araújo, 2356",22566.13,0,S,sim ,,,3,14.0
62,Marcenaria Arte Madeira Jr.,CONSTRUÇÃO E REFORMA,Centro,"Rua Hermogênio Veloso, 1950",1500,1,S, Sim,4.6,674,2,25.9
107,LOJA GAMER LEVEL UP EXPRESS,Tecnologia e Informática,Novo Horizonte,"Av. Coronel Teodolino Pereira de Araújo, 488",502767.45,,SIM,SIM,,,4,17.5
